Abilene Christian University,Abraham Baldwin Agricultural College,Adams State University,Adelphi University,Adrian College,Agnes Scott College,Alabama A&M University,Alabama Agricultural and Mechanical University,Alabama State University,Alaska Pacific University,Albany State University,Albertus Magnus College,Albion College,Albright College,Alcorn State University,Alderson Broaddus University,Alfred University,Alice Lloyd College,Allegheny College,Allen University,Alliant International University,Alma College,Alvernia University,Alverno College,Amberton University,American InterContinental University,American International College,American Jewish University,American Public University System,American University,Amherst College,Amridge University,Anderson University - Indiana,Anderson University - South Carolina,Andrews University,Angelo State University,Anna Maria College,Antioch University,Appalachian State University,Aquinas College,Arapahoe Community College,Arcadia University,Argosy University,Arizona Christian University,Arizona State University - Polytechnic,Arizona State University - Tempe,Arkansas Baptist College,Arkansas State University,Arkansas Tech University,Armstrong State University,ArtCenter College of Design,Asbury University,Ashford University,Ashland University,Assumption College,Athens State University,Atlanta Metropolitan State College,Auburn University,Auburn University - Montgomery,Augsburg University,Augusta Technical College,Augusta University,Augustana College,Augustana University,Aurora University,Austin College,Austin Peay State University,Ave Maria University,Averett University,Avila University,Azusa Pacific University,Babson College,Bacone College,Baker College of Flint,Baker University,Baldwin Wallace University,Ball State University,Bard College,Bard College at Simon's Rock,Barnard College,Barry University,Barton College,Bates College,Bay Path University,Bay State College,Baylor University,Beacon College,Becker College,Belhaven University,Bellarmine University,Bellevue College,Bellevue University,Belmont Abbey College,Belmont University,Beloit College,Bemidji State University,Benedict College,Benedictine College,Benedictine University,Bennett College,Bennington College,Bentley University,Berea College,Berkeley College,Berklee College of Music,Berry College,Bethany College - Kansas,Bethany College - West Virginia,Bethany Lutheran College,Bethel College - Indiana,Bethel College - Kansas,Bethel University - Minnesota,Bethel University - Tennessee,Bethune-Cookman University,Binghamton University - SUNY,Biola University,Birmingham-Southern College,Bismarck State College,Black Hills State University,Blackburn College,Bloomfield College,Bloomsburg University of Pennsylvania,Blue Mountain College,Bluefield College,Bluefield State College,Bluffton University,Bob Jones University,Boise State University,Boricua College,Boston College,Boston University,Bowdoin College,Bowie State University,Bowling Green State University,Bradley University,Brandeis University,Brandman University,Brazosport College,Brenau University,Brescia University,Brevard College,Brewton-Parker College,Briar Cliff University,Bridgewater College,Bridgewater State University,Brigham Young University - Hawaii,Brigham Young University - Idaho,Brigham Young University - Provo,Brookdale Community College,Broward College,Brown University,Bryan College,Bryan University,Bryant University,Bryn Athyn College of the New Church,Bryn Mawr College,Bucknell University,Buena Vista University,Butler University,Cabrini University,Cairn University,Caldwell University,California Baptist University,California College of the Arts,California Institute of Integral Studies,California Institute of Technology,California Institute of the Arts,California Lutheran University,California Polytechnic State University - San Luis Obispo,California State Polytechnic University - Pomona,California State University - Bakersfield,California State University - Channel Islands,California State University - Chico,California State University - Dominguez Hills,California State University - East Bay,California State University - Fresno,California State University - Fullerton,California State University - Long Beach,California State University - Los Angeles,California State University - Maritime Academy,California State University - Monterey Bay,California State University - Northridge,California State University - Sacramento,California State University - San Bernardino,California State University - San Marcos,California State University - Stanislaus,California University of Pennsylvania,Calumet College of St. Joseph,Calvin College,Cambridge College,Cameron University,Campbell University,Campbellsville University,Cañada College,Canisius College,Capella University,Capital University,Cardinal Stritch University,Carleton College,Carlow University,Carnegie Mellon University,Carroll College,Carroll University,Carson-Newman University,Carthage College,Case Western Reserve University,Castleton University,Catawba College,Cazenovia College,Cedar Crest College,Cedarville University,Centenary College of Louisiana,Centenary University,Central Baptist College,Central Christian College,Central College,Central Connecticut State University,Central Methodist University,Central Michigan University,Central Penn College,Central State University,Central Washington University,Centralia College,Centre College,Chadron State College,Chaffey College,Chaminade University of Honolulu,Champlain College,Chapman University,Charleston Southern University,Charter Oak State College,Chatham University,Chattahoochee Technical College,Chestnut Hill College,Cheyney University of Pennsylvania,Chicago State University,Chipola College,Chowan University,Christian Brothers University,Christopher Newport University,City College of San Francisco,City University of Seattle,Claflin University,Claremont McKenna College,Clarion University of Pennsylvania,Clark Atlanta University,Clark University,Clarke University,Clarkson University,Clayton State University,Clemson University,Cleveland Institute of Art,Cleveland State University,Coastal Carolina University,Coe College,Cogswell Polytechnical College,Coker College,Colby College,Colby-Sawyer College,Colgate University,College at Brockport - SUNY,College of Central Florida,College of Charleston,College of Coastal Georgia,College of DuPage,College of Idaho,College of Lake County,College of Mount St. Vincent,College of New Jersey,College of New Rochelle,College of Our Lady of the Elms,College of Saint Rose,College of Southern Nevada,College of St. Benedict,College of St. Elizabeth,College of St. Joseph,College of St. Mary,College of St. Scholastica,College of the Atlantic,College of the Holy Cross,College of the Ozarks,College of William and Mary,College of Wooster,Collin County Community College,Colorado Christian University,Colorado College,Colorado Mesa University,Colorado Mountain College,Colorado School of Mines,Colorado State University,Colorado State University - Pueblo,Colorado State University Global,Colorado Technical University,Columbia Basin College,Columbia College - Missouri,Columbia College - South Carolina,Columbia College Chicago,Columbia International University,Columbia University,Columbus State University,Compton College,Concord University,Concordia College,Concordia College - Moorhead,Concordia University - California,Concordia University - Nebraska,Concordia University - St. Paul,Concordia University Chicago,Concordia University Texas,Concordia University Wisconsin,Connecticut College,Converse College,Cooper Union,Coppin State University,Corban University,Cornell College,Cornell University,Cornerstone University,Cottey College,Covenant College,Creighton University,Crowley's Ridge College,Crown College,Culver-Stockton College,Cumberland University,CUNY - Baruch College,CUNY - Brooklyn College,CUNY - City College,CUNY - College of Staten Island,CUNY - Hunter College,CUNY - John Jay College of Criminal Justice,CUNY - Lehman College,CUNY - Medgar Evers College,CUNY - New York City College of Technology,CUNY - Queens College,CUNY - York College,Curry College,D'Youville College,Daemen College,Dakota State University,Dakota Wesleyan University,Dalhousie University,Dallas Baptist University,Dalton State College,Dartmouth College,Davenport University,Davidson College,Davis and Elkins College,Daytona State College,De Anza Community College,Dean College,Defiance College,Delaware State University,Delaware Valley University,Delta College,Delta State University,Denison University,DePaul University,DePauw University,DeSales University,DeVry University,Diablo Valley College,Dickinson College,Dickinson State University,Dillard University,Dine College,Dixie State University,Doane University,Dominican College,Dominican University,Dominican University of California,Donnelly College,Dordt College,Drake University,Drew University,Drexel University,Drury University,Duke University,Dunwoody College of Technology,Duquesne University,Earlham College,East Carolina University,East Central University,East Georgia State College,East Stroudsburg University of Pennsylvania,East Tennessee State University,East Texas Baptist University,East-West University,Eastern Connecticut State University,Eastern Florida State College,Eastern Illinois University,Eastern Kentucky University,Eastern Mennonite University,Eastern Michigan University,Eastern Nazarene College,Eastern New Mexico University,Eastern Oregon University,Eastern University,Eastern Washington University,Eckerd College,ECPI University,Edgewood College,Edinboro University of Pennsylvania,Edmonds College,Edward Waters College,El Camino College,El Paso Community College,Elizabeth City State University,Elizabethtown College,Elmhurst College,Elmira College,Elms College,Elon University,Embry-Riddle Aeronautical University,Emerson College,Emmanuel College - Georgia,Emmanuel College - Massachusetts,Emory and Henry College,Emory University,Emporia State University,Endicott College,Erskine College,Eureka College,Evangel University,Everglades University,Evergreen State College,Excelsior College,Fairfield University,Fairleigh Dickinson University,Fairmont State University,Farmingdale State College - SUNY,Fashion Institute of Technology,Faulkner University,Fayetteville State University,Felician University,Ferris State University,Ferrum College,Finlandia University,Fisher College,Fisk University,Fitchburg State University,Five Towns College,Flagler College,Florida A&M University,Florida Agricultural and Mechanical University,Florida Atlantic University,Florida College,Florida Gateway College,Florida Gulf Coast University,Florida Institute of Technology,Florida International University,Florida Memorial University,Florida National University - Main Campus,Florida Polytechnic University,Florida Southern College,Florida SouthWestern State College,Florida State College - Jacksonville,Florida State University,Folsom Lake College,Fontbonne University,Fordham University,Fort Hays State University,Fort Lewis College,Fort Valley State University,Framingham State University,Francis Marion University,Franciscan University of Steubenville,Franklin and Marshall College,Franklin College,Franklin Pierce University,Freed-Hardeman University,Freedom High School / Northwestern University,Fresno Pacific University,Friends University,Frostburg State University,Full Sail University,Furman University,Gallaudet University,Gannon University,Gardner-Webb University,Gateway Community College,Geneva College,George Fox University,George Mason University,George Washington University,Georgetown College,Georgetown University,Georgia College & State University,Georgia Gwinnett College,Georgia Institute of Technology,Georgia Southern University,Georgia Southwestern State University,Georgia State University,Georgian Court University,Gettysburg College,Glenville State College,Goddard College,Golden Gate University,Gonzaga University,Gordon College,Gordon State College,Goshen College,Goucher College,Governors State University,Grace Bible College,Grace College and Seminary,Grace University,Graceland University,Grambling State University,Grand Canyon University,Grand Valley State University,Grand View University,Granite State College,Great Basin College,Green Mountain College,Greensboro College,Greenville University,Grinnell College,Grove City College,Guilford College,Guilford Technical Community College,Gulf Coast State College,Gustavus Adolphus College,Gwinnett Technical College,Gwynedd Mercy University,Haileybury College,Hamilton College,Hamline University,Hampden-Sydney College,Hampshire College,Hampton University,Hannibal-LaGrange University,Hanover College,Hardin-Simmons University,Harding University,Harris-Stowe State University,Harrisburg University of Science and Technology,Hartwick College,Harvard University,Harvey Mudd College,Hastings College,Haverford College,Hawaii Pacific University,Heidelberg University,Henderson State University,Hendrix College,Heritage University,Herzing University,High Point University,Hilbert College,Hillsdale College,Hinds Community College,Hiram College,Hobart and William Smith Colleges,Hodges University,Hofstra University,Hollins University,Holy Cross College,Holy Family University,Holy Names University,Hood College,Hope College,Hope International University,Houghton College,Houston Baptist University,Howard Community College,Howard Payne University,Howard University,Hudson County Community College,Hult International Business School,Humboldt State University,Humphreys College,Huntingdon College,Huntington University,Husson University,Huston-Tillotson University,Idaho State University,Illinois College,Illinois Institute of Technology,Illinois State University,Illinois Wesleyan University,Immaculata University,Indian River State College,Indiana State University,Indiana University - Bloomington,Indiana University - Kokomo,Indiana University - South Bend,Indiana University East,Indiana University Northwest,Indiana University of Pennsylvania,Indiana University Southeast,Indiana University-Purdue University - Fort Wayne,Indiana University-Purdue University - Indianapolis,Indiana Wesleyan University,Iona College,Iowa State University,Iowa Wesleyan University,Irvine Valley College,Ithaca College,Jackson College,Jackson State University,Jacksonville State University,Jacksonville University,James Madison University,Jarvis Christian College,Jefferson Community College,John Brown University,John Carroll University,John F. Kennedy University,John Paul the Great Catholic University,Johns Hopkins University,Johnson & Wales University,Johnson C. Smith University,Johnson State College,Judson College,Judson University,Juniata College,Kalamazoo College,Kansas City Art Institute,Kansas State University,Kansas Wesleyan University,Kaplan University,Kean University,Keene State College,Keiser University,Kendall College,Kennesaw State University,Kent State University,Kentucky Christian University,Kentucky State University,Kentucky Wesleyan College,Kenyon College,Kettering University,Keuka College,Keystone College,King University,King's College,Kingsborough Community College,Kirkwood Community College,Knox College,Kutztown University of Pennsylvania,Kuyper College,La Roche College,La Salle University,La Sierra University,Lafayette College,LaGrange College,Laguna College of Art & Design,Lake Erie College,Lake Forest College,Lake Superior State University,Lake Washington Institute of Technology,Lake-Sumter State College,Lakeland University,Lamar University,Lander University,Landmark College,Lane College,Langston University,Las Positas College,Lasell College,Lawrence Technological University,Lawrence University,Le Moyne College,Lebanon Valley College,Lee University,Lees-McRae College,Lehigh University,LeMoyne-Owen College,Lenoir-Rhyne University,Les Roches Global Hospitality Crans-Montana,Lesley University,LeTourneau University,Lewis & Clark College,Lewis University,Lewis-Clark State College,Liberty University,LIM College,Limestone College,Lincoln College,Lincoln College of New England - Southington,Lincoln Memorial University,Lincoln University,Lincoln University - Missouri,Lincoln University - Pennsylvania,Lindenwood University,Lindsey Wilson College,Linfield College,Lipscomb University,LIU Post,Livingstone College,Lock Haven University of Pennsylvania,Lone Star College,Long Beach City College,Long Island University,Longwood University,Loras College,Los Angeles Film School,Los Angeles Valley College,Louisiana College,Louisiana State University - Alexandria,Louisiana State University - Baton Rouge,Louisiana State University - Shreveport,Louisiana Tech University,Lourdes University,Loyola Marymount University,Loyola University Chicago,Loyola University Maryland,Loyola University New Orleans,Lubbock Christian University,Luther College,Lycoming College,Lynchburg College,Lyndon State College,Lynn University,Lyon College,Macalester College,MacMurray College,Madonna University,Maharishi University of Management,Maine Maritime Academy,Malone University,Manchester University,Manhattan College,Manhattanville College,Mansfield University of Pennsylvania,Maranatha Baptist University,Marian University - Indiana,Marian University - Wisconsin,Marietta College,Marist College,Marlboro College,Marquette University,Mars Hill University,Marshall University,Martin Methodist College,Martin University,Mary Baldwin University,Marygrove College,Maryland Institute College of Art,Marylhurst University,Marymount California University,Marymount Manhattan College,Marymount University,Maryville College,Maryville University of St. Louis,Marywood University,Massachusetts College of Liberal Arts,Massachusetts Institute of Technology,Massachusetts Maritime Academy,Mayville State University,McDaniel College,McGill University,McKendree University,McMurry University,McNeese State University,McPherson College,Medaille College,Menlo College,Mercer University,Mercy College,Mercyhurst University,Meredith College,Merrimack College,Messiah College,Methodist University,Metropolitan College of New York,Metropolitan State University,Metropolitan State University of Denver,Miami Dade College,Miami University - Oxford,Michigan State University,Michigan Technological University,Mid-America Christian University,MidAmerica Nazarene University,Middle Georgia State University,Middle Tennessee State University,Middlebury College,Middlesex College,Midland College,Midland University,Midstate College,Midway University,Midwestern State University,Miles College,Millersville University of Pennsylvania,Milligan College,Millikin University,Mills College,Millsaps College,Milwaukee School of Engineering,Minerva Schools at Keck Graduate Institute,Minerva University,Minnesota State University - Mankato,Minnesota State University - Moorhead,Minot State University,Misericordia University,Mississippi College,Mississippi State University,Mississippi University for Women,Mississippi Valley State University,Missouri Baptist University,Missouri Southern State University,Missouri State University,Missouri University of Science & Technology,Missouri Valley College,Missouri Western State University,Mitchell College,Molloy College,Monmouth College,Monmouth University,Monroe College,Montana State University,Montana State University - Billings,Montana State University - Northern,Montana Tech of the University of Montana,Montclair State University,Monterey Peninsula College,Montgomery College,Montreat College,Moravian College,Morehead State University,Morehouse College,Morgan State University,Morningside College,Morris College,Morrisville State College,Mount Aloysius College,Mount Holyoke College,Mount Ida College,Mount Marty College,Mount Mary University,Mount Mercy University,Mount Saint Mary's University,Mount San Antonio College,Mount St. Joseph University,Mount St. Mary College,Mount St. Mary's University,Mount Vernon Nazarene University,Mount Wachusett Community College,Muhlenberg College,Murray State University,Muskingum University,Naropa University,National American University,National Louis University,National University,Navajo Technical University,Nazareth College,Nebraska Wesleyan University,Neumann University,Nevada State College,New College of Florida,New England College,New England Institute of Technology,New Jersey City University,New Jersey Institute of Technology,New Mexico Highlands University,New Mexico Institute of Mining and Technology,New Mexico State University,New York Institute of Technology,New York University,Newberry College,Newbury College,Newman University,Niagara University,Nicholls State University,Norfolk State University,North Carolina A&T State University,North Carolina Agricultural and Technical State University,North Carolina Central University,North Carolina State University - Raleigh,North Carolina Wesleyan College,North Central College,North Central University,North Dakota State University,North Greenville University,North Hennepin Community College,North Park University,North Seattle College,Northcentral University,Northeastern Illinois University,Northeastern State University,Northeastern University,Northern Arizona University,Northern Illinois University,Northern Kentucky University,Northern Michigan University,Northern New Mexico University,Northern State University,Northern Virginia Community College,Northland College,Northwest Christian University,Northwest Florida State College,Northwest Missouri State University,Northwest Nazarene University,Northwest University,Northwest Vista College,Northwestern College,Northwestern Michigan College,Northwestern Oklahoma State University,Northwestern State University of Louisiana,Northwestern University,Northwood University,Norwich University,Notre Dame College of Ohio,Notre Dame de Namur University,Notre Dame of Maryland University,Nova Southeastern University,Nyack College,Oakland City University,Oakland University,Oakwood University,Oberlin College,Occidental College,Oglethorpe University,Ohio Christian University,Ohio Dominican University,Ohio Northern University,Ohio State University - Columbus,Ohio University,Ohio Valley University,Ohio Wesleyan University,Oklahoma Baptist University,Oklahoma Christian University,Oklahoma City University,Oklahoma Panhandle State University,Oklahoma State University,Oklahoma State University - Oklahoma City,Oklahoma State University Institute of Technology - Okmulgee,Oklahoma Wesleyan University,Old Dominion University,Olivet College,Olivet Nazarene University,Olympic College,Oral Roberts University,Orange Coast College,Oregon Institute of Technology,Oregon State University,Osmania University,Other,Otis College of Art and Design,Ottawa University,Otterbein University,Ouachita Baptist University,Our Lady of the Lake University,Pace University,Pacific Lutheran University,Pacific Union College,Pacific University,Paine College,Palm Beach Atlantic University,Palm Beach State College,Park University,Parsons School for Design,Pasadena City College,Paul Smith's College,Peirce College,Peninsula College,Penn State Abington,Pennsylvania College of Art & Design,Pennsylvania College of Technology,Pennsylvania State University,Pensacola State College,Pepperdine University,Peru State College,Pfeiffer University,Philadelphia University,Philander Smith College,Piedmont College,Pima Community College,Pine Manor College,Pittsburg State University,Pitzer College,Plaza College,Plymouth State University,Point Loma Nazarene University,Point Park University,Point University,Polk State College,Pomona College,Portland State University,Post University,Prairie View A&M University,Pratt Institute,Presbyterian College,Prescott College,Prince George's Community College,Prince George’s Community College,Princeton University,Principia College,Providence Christian College,Providence College,Purchase College - SUNY,Purdue University - Northwest,Purdue University - West Lafayette,Queens University of Charlotte,Queensborough Community College,Quincy University,Quinnipiac University,Radford University,Ramapo College of New Jersey,Randolph College,Randolph-Macon College,Ranken Technical College,Reed College,Regent University,Regis University,Reinhardt University,Rensselaer Polytechnic Institute,Rhode Island College,Rhode Island School of Design,Rhodes College,Rice University,Rider University,Ringling College of Art and Design,Ripon College,Riverside City College,Rivier University,Roanoke College,Robert Morris University - Illinois,Robert Morris University - Pennsylvania,Roberts Wesleyan College,Rochester College,Rochester Institute of Technology,Rockford University,Rockhurst University,Rocky Mountain College,Roger Williams University,Rogers State University,Rollins College,Roosevelt University,Rosemont College,Rowan University,Rust College,Rutgers University - Camden,Rutgers University - New Brunswick,Rutgers University - Newark,Sacred Heart University,Saginaw Valley State University,Saint Augustine's University,Saint Johns River State College,Saint Joseph University,Saint Leo University,Saint Louis University,Saint Martin's University,Saint Mary-of-the-Woods College,Saint Mary's College of California,Saint Peter's University,Saint Vincent College,Salem College,Salem Community College,Salem International University,Salem State University,Salisbury University,Salt Lake Community College,Salve Regina University,Sam Houston State University,Samford University,San Diego Christian College,San Diego State University,San Francisco State University,San Joaquin Delta College,San Jose City College,San Jose State University,Santa Clara University,Santa Fe College,Santa Monica College,Sarah Lawrence College,Savannah College of Art and Design,Savannah State University,School of Visual Arts,Schreiner University,Scripps College,Seattle Central College,Seattle Pacific University,Seattle University,Seminole State College of Florida,Seton Hall University,Seton Hill University,Sewanee - University of the South,Shaw University,Shawnee State University,Shenandoah University,Shepherd University,Shippensburg University of Pennsylvania,Shorter University,Siena College,Siena Heights University,Sierra College,Sierra Nevada College,Silver Lake College,Simmons College,Simpson College,Simpson University,Sinclair Community College,Skidmore College,Slippery Rock University of Pennsylvania,Smith College,Snow College,Soka University of America,Sonoma State University,South Carolina State University,South College,South Dakota State University,South Florida State College,South Georgia State College,South Seattle College,South Texas College,South University,Southeast Missouri State University,Southeastern Baptist Theological Seminary,Southeastern Louisiana University,Southeastern Oklahoma State University,Southeastern University,Southern Adventist University,Southern Arkansas University,Southern Connecticut State University,Southern Illinois University - Carbondale,Southern Illinois University - Edwardsville,Southern Maine Community College,Southern Maine Community College,Southern Methodist University,Southern Nazarene University,Southern New Hampshire University,Southern Oregon University,Southern University - New Orleans,Southern University and A&M College,Southern Utah University,Southern Vermont College,Southern Virginia University,Southern Wesleyan University,Southwest Baptist University,Southwest Minnesota State University,Southwestern Adventist University,Southwestern Assemblies of God University,Southwestern Christian College,Southwestern Christian University,Southwestern College,Southwestern Oklahoma State University,Southwestern University,Spalding University,Spelman College,Spring Arbor University,Spring Hill College,Springfield College,St. Ambrose University,St. Anselm College,St. Augustine College,St. Augustine's University,St. Bonaventure University,St. Catherine University,St. Cloud State University,St. Edward's University,St. Francis College,St. Francis University,St. Gregory's University,St. John Fisher College,St. John's College - Maryland,St. John's College - New Mexico,St. John's University,St. John's University - Minnesota,St. Joseph's College,St. Joseph's College New York,St. Joseph's University,St. Lawrence University,St. Mary's College,St. Mary's College of California,St. Mary's College of Maryland,St. Mary's University of Minnesota,St. Mary's University of San Antonio,St. Michael's College,St. Norbert College,St. Olaf College,St. Petersburg College,St. Thomas Aquinas College,St. Thomas University,St. Xavier University,Stanford University,State College of Florida - Manatee-Sarasota,Stephen F. Austin State University,Stephens College,Sterling College - Kansas,Sterling College - Vermont,Stetson University,Stevens Institute of Technology,Stevenson University,Stillman College,Stockton University,Stonehill College,Stony Brook University - SUNY,Strayer University,Suffolk University,Sul Ross State University,Sullivan University,SUNY - Fredonia,SUNY - Geneseo,SUNY - New Paltz,SUNY - Oswego,SUNY - Plattsburgh,SUNY Broome Community College,SUNY Buffalo State,SUNY College - Cortland,SUNY College - Old Westbury,SUNY College - Oneonta,SUNY College - Potsdam,SUNY College of Agriculture and Technology - Cobleskill,SUNY College of Environmental Science and Forestry,SUNY College of Technology - Alfred,SUNY College of Technology - Canton,SUNY College of Technology - Delhi,SUNY Empire State College,SUNY Maritime College,SUNY Polytechnic Institute,Susquehanna University,Swarthmore College,Sweet Briar College,Syracuse University,Tabor College,Tacoma Community College,Talladega College,Tarleton State University,Taylor University,Temple University,Tennessee State University,Tennessee Technological University,Tennessee Wesleyan University,Texas A&M International University,Texas A&M University - College Station,Texas A&M University - Commerce,Texas A&M University - Corpus Christi,Texas A&M University - Galveston,Texas A&M University - Kingsville,Texas A&M University - Texarkana,Texas Christian University,Texas College,Texas Lutheran University,Texas Southern University,Texas State University,Texas Tech University,Texas Wesleyan University,Texas Woman's University,The Catholic University of America,The Citadel,The College of Westchester,The Corcoran School of the Arts & Design,The King's College,The Master's University and Seminary,The New School,The Sage Colleges,Thiel College,Thomas Aquinas College,Thomas College,Thomas Edison State University,Thomas More College,Thomas More College of Liberal Arts,Thomas University,Tiffin University,Toccoa Falls College,Tougaloo College,Touro College,Towson University,Transylvania University,Trevecca Nazarene University,Trident University International,Trine University,Trinity Christian College,Trinity College,Trinity International University,Trinity University,Trinity Washington University,Troy University,Truett McConnell University,Truman State University,Tufts University,Tulane University,Tusculum College,Tuskegee University,Union College - Kentucky,Union College - Nebraska,Union College - New York,Union Institute and University,Union University,United International College,United States Air Force Academy,United States Coast Guard Academy,United States Merchant Marine Academy,United States Military Academy,United States Naval Academy,United States University,Unity College,University at Albany - SUNY,University at Buffalo - SUNY,University of Akron,University of Alabama,University of Alabama - Birmingham,University of Alabama - Huntsville,University of Alaska - Anchorage,University of Alaska - Fairbanks,University of Alaska - Southeast,University of Arizona,University of Arkansas,University of Arkansas - Fort Smith,University of Arkansas - Little Rock,University of Arkansas - Monticello,University of Arkansas - Pine Bluff,University of Baltimore,University of Bridgeport,University of British Columbia,University of California - Merced,University of California - Riverside,University of California - Santa Cruz,"University of California, Berkeley","University of California, Davis","University of California, Irvine","University of California, Los Angeles","University of California, San Diego","University of California, Santa Barbara",University of Central Arkansas,University of Central Florida,University of Central Missouri,University of Central Oklahoma,University of Charleston,University of Chicago,University of Cincinnati,University of Cincinnati - UC Blue Ash College,University of Colorado - Boulder,University of Colorado - Colorado Springs,University of Colorado - Denver,University of Connecticut,University of Dallas,University of Dayton,University of Delaware,University of Denver,University of Detroit Mercy,University of Dubuque,University of Evansville,University of Findlay,University of Florida,University of Georgia,University of Great Falls,University of Hartford,University of Hawaii - Hilo,University of Hawaii - Manoa,University of Hawaii - Maui College,University of Hawaii - West Oahu,University of Holy Cross,University of Houston,University of Houston - Clear Lake,University of Houston - Downtown,University of Houston - Victoria,University of Idaho,University of Illinois - Chicago,University of Illinois - Springfield,University of Illinois Urbana-Champaign,University of Indianapolis,University of Iowa,University of Jamestown,University of Kansas,University of Kentucky,University of La Verne,University of Louisiana - Lafayette,University of Louisiana - Monroe,University of Louisville,University of Maine,University of Maine - Augusta,University of Maine - Farmington,University of Maine - Fort Kent,University of Maine - Machias,University of Maine - Presque Isle,University of Malta,University of Mary,University of Mary Hardin-Baylor,University of Mary Washington,University of Maryland - Baltimore County,University of Maryland - College Park,University of Maryland - Eastern Shore,University of Maryland Global Campus,University of Maryland University College,University of Massachusetts - Amherst,University of Massachusetts - Boston,University of Massachusetts - Dartmouth,University of Massachusetts - Lowell,University of Memphis,University of Miami,University of Michigan - Ann Arbor,University of Michigan - Dearborn,University of Michigan - Flint,University of Minnesota - Carlson School of Management,University of Minnesota - Crookston,University of Minnesota - Duluth,University of Minnesota - Morris,University of Minnesota - Twin Cities,University of Mississippi,University of Missouri,University of Missouri - Kansas City,University of Missouri - St. Louis,University of Mobile,University of Montana,University of Montana - Western,University of Montevallo,University of Mount Olive,University of Mount Union,University of Nebraska - Kearney,University of Nebraska - Lincoln,University of Nebraska - Omaha,University of Nevada - Las Vegas,University of Nevada - Reno,University of New England,University of New Hampshire,University of New Haven,University of New Mexico,University of New Orleans,University of New South Wales Sydney,University of North Alabama,University of North Carolina - Asheville,University of North Carolina - Chapel Hill,University of North Carolina - Charlotte,University of North Carolina - Greensboro,University of North Carolina - Pembroke,University of North Carolina - Wilmington,University of North Dakota,University of North Florida,University of North Georgia,University of North Texas,University of North Texas - Dallas,University of Northern Colorado,University of Northern Iowa,University of Northwestern - St. Paul,University of Northwestern Ohio,University of Notre Dame,University of Oklahoma,University of Oregon,University of Pennsylvania,University of Phoenix,University of Pikeville,University of Pittsburgh,University of Portland,University of Puget Sound,University of Redlands,University of Rhode Island,University of Richmond,University of Rio Grande,University of Rochester,University of Saint Francis,University of San Diego,University of San Francisco,University of Science and Arts of Oklahoma,University of Scranton,University of Sioux Falls,University of South Alabama,University of South Carolina,University of South Carolina - Aiken,University of South Carolina - Beaufort,University of South Carolina - Upstate,University of South Dakota,University of South Florida,University of South Florida - St. Petersburg,University of Southern California,University of Southern Indiana,University of Southern Maine,University of Southern Mississippi,University of St. Francis,University of St. Joseph,University of St. Mary,University of St. Thomas - Minnesota,University of St. Thomas - Texas,University of Tampa,University of Tennessee,University of Tennessee - Chattanooga,University of Tennessee - Martin,University of Texas - Arlington,University of Texas - Dallas,University of Texas - El Paso,University of Texas - Rio Grande Valley,University of Texas - San Antonio,University of Texas - Tyler,University of Texas at Austin,University of Texas of the Permian Basin,University of the Antelope Valley,University of the Arts,University of the Cumberlands,University of the District of Columbia,University of the Incarnate Word,University of the Ozarks,University of the Pacific,University of the Southwest,University of the West,University of Toledo,University of Toronto,University of Tulsa,University of Utah,University of Valley Forge,University of Vermont,University of Virgin Islands,University of Virginia,University of Virginia - Wise,University of Washington,University of Washington - Tacoma,University of Waterloo,University of West Alabama,University of West Florida,University of West Georgia,University of Wisconsin - Eau Claire,University of Wisconsin - Green Bay,University of Wisconsin - La Crosse,University of Wisconsin - Madison,University of Wisconsin - Milwaukee,University of Wisconsin - Oshkosh,University of Wisconsin - Parkside,University of Wisconsin - Platteville,University of Wisconsin - River Falls,University of Wisconsin - Stevens Point,University of Wisconsin - Stout,University of Wisconsin - Superior,University of Wisconsin - Whitewater,University of Wyoming,Upper Iowa University,Urbana University,Ursinus College,Ursuline College,Utah State University,Utah Valley University,Utica College,Valdosta State University,Valencia College,Valley City State University,Valparaiso University,Vanderbilt University,Vanguard University of Southern California,Vassar College,Vaughn College of Aeronautics and Technology,Vermont Technical College,Villa Maria College,Villanova University,Vincennes University,Virginia Commonwealth University,Virginia Military Institute,Virginia Polytechnic Institute of Technology,Virginia State University,Virginia Tech,Virginia Union University,Virginia Wesleyan University,Viterbo University,Voorhees College,Wabash College,Wade College,Wagner College,Wake Forest University,Wake Technical Community College,Walden University,Waldorf College,Walla Walla University,Walsh University,Warner Pacific College,Warner University,Warren Wilson College,Wartburg College,Washburn University,Washington Adventist University,Washington and Jefferson College,Washington and Lee University,Washington College,Washington State University,Washington University in St. Louis,Wayland Baptist University,Wayne State College,Wayne State University,Waynesburg University,Webber International University,Weber State University,Webster University,Welch College,Wellesley College,Wells College,Wentworth Institute of Technology,Wesley College,Wesleyan College,Wesleyan University,West Chester University of Pennsylvania,West Liberty University,West Texas A&M University,West Valley College,West Virginia State University,West Virginia University,West Virginia University - Parkersburg,West Virginia Wesleyan College,Western Carolina University,Western Connecticut State University,Western Governors University,Western Illinois University,Western Kentucky University,Western Michigan University,Western Nevada College,Western New England University,Western New Mexico University,Western Oregon University,Western State Colorado University,Western University,Western Washington University,Westfield State University,Westminster College - Missouri,Westminster College - Pennsylvania,Westminster College - Utah,Westmont College,Wheaton College - Illinois,Wheaton College - Massachusetts,Wheeling Jesuit University,Wheelock College,Whitman College,Whittier College,Whitworth University,Wichita State University,Widener University,Wilberforce University,Wiley College,Wilkes University,Willamette University,William Carey University,William Jessup University,William Jewell College,William Paterson University of New Jersey,William Peace University,William Penn University,William Woods University,Williams Baptist College,Williams College,Wilmington College,Wilmington University,Wilson College,Wingate University,Winona State University,Winston-Salem State University,Winthrop University,Wisconsin Lutheran College,Wittenberg University,Wofford College,Woodbury University,Worcester Polytechnic Institute,Worcester State University,Wright State University,Xavier University,Xavier University of Louisiana,Yale University,Yeshiva University,York College,York College of Pennsylvania,Young Harris College,Youngstown State University
